{
  "Alpha": [
    115.19470471000002,
    64.35680208000001,
    55.68920131,
    120.16540712999999,
    97.74263828000001,
    66.1971675,
    99.24502348999997,
    15.747294369999999,
    99.70832056,
    116.31157924000001,
    72.88266829,
    99.2445146,
    71.27539039000001,
    40.08106484,
    82.47559504,
    1.46775855,
    97.74845841000003,
    114.75734766000001,
    105.95886239000001,
    31.049305349999994,
    81.46642976000001,
    30.78095463,
    123.70660706999999,
    9.17662241,
    8.482403159999999,
    87.16892984000002,
    5.32541312,
    39.675501909999994,
    83.55971614999999,
    83.22518719,
    91.53441043000001
  ],
  "Beta": [
    42.28311211000001,
    31.479595999999997,
    56.64233336999999,
    10.3942464,
    81.69742818,
    68.46985507,
    24.45000285,
    27.400134910000002,
    24.458557139999996,
    5.449590230000001,
    38.88218552,
    26.947618129999995,
    54.28666038,
    45.22350493,
    19.755877639999998,
    28.098195020000002,
    42.981376229999995,
    8.215682820000001,
    17.80219563,
    91.36471275,
    10.223937140000002,
    50.89520694000001,
    9.78619033,
    71.31758496,
    35.47249167,
    86.50633513000001,
    55.64122236,
    36.14971227,
    1.29145105,
    17.693253130000002,
    22.49926497
  ],
  "ws": [
    15.44805257,
    22.777096729999997,
    20.166924379999998,
    19.342893479999997,
    24.39335098,
    12.117285539999997,
    14.03710687,
    9.969972939999998,
    19.21344631,
    17.94827827,
    11.87898234,
    22.115715670000004,
    24.005100490000004,
    24.12292169,
    20.40172586,
    14.339032410000002,
    19.538875009999998,
    23.95068593,
    17.2636328,
    10.11523901,
    9.14737721,
    17.620838239999998,
    16.662914859999997,
    7.747443929999999,
    8.56197693,
    28.326148780000004,
    16.026154550000005,
    8.79922481,
    9.6295048,
    8.734637619999999,
    14.609084400000002
  ],
  "wf": [
    24.042155930000003,
    24.092721340000004,
    26.674083900000007,
    21.90087186,
    24.06192823,
    16.91364116,
    17.570895049999997,
    10.486232699999999,
    21.55135519,
    14.319696449999999,
    13.552879480000001,
    26.317288799999996,
    16.737899530000004,
    21.275390019999996,
    27.899965069999997,
    11.784113420000004,
    22.539255899999993,
    21.74741631,
    22.232184860000004,
    23.560980639999997,
    12.629213320000002,
    20.359234960000002,
    26.18733213,
    18.07942663,
    6.76298035,
    19.37452601,
    11.764804300000002,
    18.569033010000002,
    4.13688001,
    16.07885876,
    15.136350069999999
  ]
}