{
  "Alpha": [
    21.4102778,
    42.000470809999996,
    32.14788643,
    53.92474369999999,
    58.531062260000006,
    69.62494140999998,
    48.853650820000006,
    60.93046825,
    8.211132780000002
  ],
  "Beta": [
    33.05932791,
    7.051335650000001,
    5.537434009999998,
    49.08829956,
    33.41724293,
    22.566601600000002,
    0.0031077500000000003,
    29.527625049999997,
    40.4153569
  ],
  "ws": [
    3.4482337199999993,
    6.56264772,
    4.24320357,
    6.73598628,
    5.952070929999998,
    8.28184928,
    5.54883605,
    13.643905,
    6.64559563
  ],
  "wf": [
    8.65370681,
    18.48765785,
    12.1942827,
    16.98075463,
    17.35957472,
    17.89944357,
    7.751287570000001,
    14.05142053,
    11.105401819999999
  ]
}