{
  "Alpha": [
    5.4523164,
    0.44285607,
    40.310825019999996,
    1.7142991899999998,
    33.68321129
  ],
  "Beta": [
    67.13797104999999,
    74.85861515999999,
    5.220910940000001,
    72.27734393,
    63.11490999999999
  ],
  "ws": [
    11.68122015,
    2.8709971000000003,
    4.33263469,
    3.46887859,
    5.404786410000001
  ],
  "wf": [
    17.807717420000003,
    21.98316303,
    27.57762628,
    30.699728829999998,
    20.84171695
  ]
}